name,id,course,level,section
krish,123,computing,3,i
lucky,124,AI,4,j
priyanshu,125,cybersecurity,5,k
nimesh,123,gygy,4,y
"& C:/Users/ACER/AppData/Local/Programs/Python/Python312/python.exe ""c:/Users/ACER/OneDrive/Desktop/python blackboard assignment/assignment3.py""","& C:/Users/ACER/AppData/Local/Programs/Python/Python312/python.exe ""c:/Users/ACER/OneDrive/Desktop/python blackboard assignment/assignment3.py""","& C:/Users/ACER/AppData/Local/Programs/Python/Python312/python.exe ""c:/Users/ACER/OneDrive/Desktop/python blackboard assignment/assignment3.py""","& C:/Users/ACER/AppData/Local/Programs/Python/Python312/python.exe ""c:/Users/ACER/OneDrive/Desktop/python blackboard assignment/assignment3.py""","& C:/Users/ACER/AppData/Local/Programs/Python/Python312/python.exe ""c:/Users/ACER/OneDrive/Desktop/python blackboard assignment/assignment3.py"""
kushal,234,computing,3,r
